{
"english":
    {
    "menuText":
        {
        "play":"Play",
        "settings":"Settings",
        "exit":"Exit",
        "pause":"Pause",
        "exitToMenu":"Exit to menu",
        "resume":"Resume",
        "restart":"Restart",
        "dayNightCycle":"Day/Night cycle",
        "dayNight":"Day/Night",
        "language":"Language",
        "youDied":"You died!"
        },
    "discordStatus":
        {
        "location":"Location: ",
        "health":"H: ",
        "food":" F: ",
        "water":" W: ",
        "energy":" E: ",
        "died":"Died",
        "mainMenu":"Main Menu",
        "languageSettings":"Language settings",
        "locations":
            {
            "basement":"Basement",
            "home":"Home",
            "yard":"Yard",
            "village":"Village",
            "garden":"Garden",
            "field":"Field",
            "forest":"Forest",
            "city":"City",
            "beach":"Beach"
            }
        }
    },
"russian":
    {
    "menuText":
        {
        "play":"Играть",
        "settings":"Настройки",
        "exit":"Выйти",
        "pause":"Пауза",
        "exitToMenu":"Выйти в меню",
        "resume":"Продолжить",
        "restart":"Перезапустить",
        "dayNightCycle":"Цикл День/Ночь",
        "dayNight":"День/Ночь",
        "language":"Язык",
        "youDied":"Ты умер!"
        },
    "discordStatus":
        {
        "location":"Локация: ",
        "health":"З: ",
        "food":" Е: ",
        "water":" В: ",
        "energy":" Э: ",
        "died":"Умер",
        "mainMenu":"Главное меню",
        "languageSettings":"Настройки языка",
        "locations":
            {
            "basement":"Подвал",
            "home":"Дом",
            "yard":"Двор",
            "village":"Деревня",
            "garden":"Огород",
            "field":"Поле",
            "forest":"Лес",
            "city":"Город",
            "beach":"Пляж"
            }
        }
    },
"ukrainian":
    {
    "menuText":
        {
        "play":"Грати",
        "settings":"Налаштування",
        "exit":"Вийти",
        "pause":"Пауза",
        "exitToMenu":"Вийти в меню",
        "resume":"Продовжити",
        "restart":"Перезапустити",
        "dayNightCycle":"Цикл День/Ніч",
        "dayNight":"День/Ніч",
        "language":"Мова",
        "youDied":"Ти вмер!"
        },
    "discordStatus":
        {
        "location":"Локація: ",
        "health":"З: ",
        "food":" Ї: ",
        "water":" В: ",
        "energy":" Е: ",
        "died":"Вмер",
        "mainMenu":"Головне меню",
        "languageSettings":"Налаштування мови",
        "locations":
            {
            "basement":"Підвал",
            "home":"Дім",
            "yard":"Двір",
            "village":"Село",
            "garden":"Город",
            "field":"Поле",
            "forest":"Ліс",
            "city":"Місто",
            "beach":"Пляж"
            }
        }
    }
}